,sentiment,sp500_open,sp500_high,sp500_low,sp500_close,sp500_avg_close,sp500_avg_volume,sp500_monthly_return,sp500_intra_volatility,sentiment_z,sp500_close_z,sentiment_pct_change,rolling_corr_12m
1978-01,83.7,95.1,95.15,88.02,89.25,90.2495,20387619.0476,,8.1004,-0.0118,-0.898,,
1978-02,84.3,89.25,91.32,86.58,87.04,88.9753,19400000.0,-2.4762,5.4747,0.0312,-0.8994,0.7168,
1978-03,78.8,87.04,91.35,86.45,89.21,88.8195,22617272.7273,2.4931,5.668,-0.3626,-0.898,-6.5243,
1978-04,81.6,89.2,97.91,88.07,96.83,92.7105,34780000.0,8.5416,11.1729,-0.1621,-0.893,3.5533,
1978-05,82.9,96.83,100.32,94.57,97.24,97.4123,35261363.6364,0.4234,6.0802,-0.069,-0.8927,1.5931,
1978-06,80.0,97.24,101.84,93.99,95.53,97.6618,30285909.0909,-1.7585,8.352,-0.2767,-0.8939,-3.4982,-0.2275
1978-07,82.4,95.53,101.18,93.59,100.68,97.1925,27074500.0,5.391,8.1098,-0.1048,-0.8905,3.0,-0.122
1978-08,78.4,100.68,106.27,99.95,103.29,103.9217,37606521.7391,2.5924,6.3232,-0.3913,-0.8888,-4.8544,-0.4103
1978-09,80.4,103.29,108.05,100.66,102.54,103.857,33614500.0,-0.7261,7.3415,-0.2481,-0.8893,2.551,-0.4403
1978-10,79.3,102.54,106.23,91.65,93.15,100.5836,31015454.5455,-9.1574,15.9083,-0.3268,-0.8954,-1.3682,-0.3689
1978-11,75.0,94.13,97.41,91.77,94.7,94.7095,24505238.0952,1.664,6.1458,-0.6347,-0.8944,-5.4224,-0.2398
1978-12,66.1,95.01,98.58,92.64,96.11,96.1075,24622000.0,1.4889,6.4119,-1.272,-0.8935,-11.8667,-0.1595
1979-01,72.1,96.11,102.59,95.22,99.93,99.705,27987727.2727,3.9746,7.74,-0.8424,-0.891,9.0772,-0.1451
1979-02,73.9,99.93,100.52,95.38,96.28,98.2295,25037368.4211,-3.6526,5.389,-0.7135,-0.8934,2.4965,0.1018
1979-03,68.4,96.28,103.31,95.98,101.59,100.1123,29536363.6364,5.5152,7.637,-1.1073,-0.8899,-7.4425,0.008
1979-04,66.0,101.56,103.95,100.14,101.76,102.066,31032500.0,0.1673,3.8047,-1.2792,-0.8898,-3.5088,-0.1038
1979-05,68.1,101.76,102.57,97.49,99.08,99.7277,28351818.1818,-2.6336,5.2108,-1.1288,-0.8915,3.1818,-0.0696
1979-06,65.8,99.08,103.67,98.57,102.91,101.7276,35033809.5238,3.8656,5.174,-1.2935,-0.889,-3.3774,-0.1006
1979-07,60.4,102.91,105.17,100.35,103.81,102.7114,32416190.4762,0.8745,4.8032,-1.6802,-0.8884,-8.2067,-0.3384
1979-08,64.5,103.81,109.84,103.14,109.32,107.3561,35871739.1304,5.3078,6.496,-1.3866,-0.8848,6.7881,-0.557
1979-09,66.7,109.32,111.58,105.38,109.32,108.5968,37575789.4737,0.0,5.8835,-1.2291,-0.8848,3.4109,-0.724
1979-10,62.1,109.19,112.16,99.06,101.82,104.473,37301304.3478,-6.8606,13.2243,-1.5585,-0.8897,-6.8966,-0.5978
1979-11,63.3,101.82,107.89,99.42,106.16,103.6638,31126190.4762,4.2624,8.5194,-1.4725,-0.8869,1.9324,-0.5097
1979-12,61.0,106.16,110.33,105.07,107.94,107.776,35510500.0,1.6767,5.0062,-1.6372,-0.8858,-3.6335,-0.6408
1980-01,67.0,107.94,117.17,103.26,114.16,110.8682,52647272.7273,5.7625,13.4708,-1.2076,-0.8817,9.8361,-0.4096
1980-02,66.9,114.16,120.22,111.33,113.66,115.339,47826500.0,-0.438,7.9853,-1.2148,-0.882,-0.1493,0.0396
1980-03,56.5,113.66,114.34,94.23,102.09,104.6862,41735714.2857,-10.1795,21.3414,-1.9595,-0.8896,-15.5456,0.2907
1980-04,52.7,102.09,106.79,98.95,106.29,102.9667,32101904.7619,4.114,7.9232,-2.2316,-0.8868,-6.7257,0.2648
1980-05,51.7,106.29,112.72,103.5,111.24,107.6943,36424761.9048,4.6571,8.9082,-2.3032,-0.8836,-1.8975,0.2533
1980-06,58.7,111.24,117.98,109.77,114.24,114.5467,39507619.0476,2.6969,7.4793,-1.8019,-0.8816,13.5397,0.2737
1980-07,62.3,114.24,123.93,113.54,121.67,119.8327,46444090.9091,6.5039,9.151,-1.5441,-0.8768,6.1329,0.2545
1980-08,67.3,121.67,127.78,119.42,122.38,123.4967,45983809.5238,0.5835,7.0005,-1.1861,-0.8763,8.0257,0.3948
1980-09,73.7,122.38,132.17,121.79,125.46,126.5119,50367142.8571,2.5168,8.5229,-0.7278,-0.8743,9.5097,0.6109
1980-10,75.0,125.46,135.88,124.66,127.47,130.2217,44860434.7826,1.6021,9.0005,-0.6347,-0.873,1.7639,0.7585
1980-11,76.7,127.47,141.96,127.23,140.52,135.6544,54895000.0,10.2377,11.5775,-0.513,-0.8645,2.2667,0.8389
1980-12,64.5,140.52,140.66,125.32,135.76,133.4832,46620454.5455,-3.3874,12.2407,-1.3866,-0.8676,-15.9061,0.7587
1981-01,71.4,135.76,140.32,128.57,129.55,132.9657,45500952.381,-4.5742,9.139,-0.8925,-0.8716,10.6977,0.7977
1981-02,66.9,129.48,132.02,124.66,131.27,128.3953,42963684.2105,1.3277,5.9041,-1.2148,-0.8705,-6.3025,0.8231
1981-03,66.5,131.27,138.38,128.56,136.0,133.185,53387727.2727,3.6033,7.6385,-1.2434,-0.8674,-0.5979,0.7877
1981-04,72.4,136.0,137.72,131.58,132.81,134.4276,53498571.4286,-2.3456,4.6664,-0.8209,-0.8695,8.8722,0.7201
1981-05,76.3,132.81,134.92,128.78,132.59,131.727,45271500.0,-0.1657,4.7678,-0.5416,-0.8696,5.3867,0.5605
1981-06,73.1,132.59,135.67,128.77,131.21,132.2777,50044090.9091,-1.0408,5.3584,-0.7708,-0.8706,-4.194,0.3076
1981-07,74.1,131.21,131.78,125.96,130.92,129.1277,43362272.7273,-0.221,4.6205,-0.6992,-0.8707,1.368,0.05
1981-08,77.2,130.92,135.18,122.29,122.79,129.6295,43835714.2857,-6.2099,10.5405,-0.4772,-0.8761,4.1835,-0.3363
1981-09,73.1,122.79,124.58,110.19,116.18,118.2695,45673333.3333,-5.3832,13.0593,-0.7708,-0.8804,-5.3109,-0.2702
1981-10,70.3,116.18,123.28,115.0,121.89,119.7977,45343636.3636,4.9148,7.2,-0.9713,-0.8766,-3.8304,-0.1808
1981-11,62.5,122.35,126.97,119.13,126.35,122.9195,49396000.0,3.659,6.581,-1.5298,-0.8737,-11.0953,-0.2855
1981-12,64.3,126.35,127.32,121.04,122.55,123.7941,43612272.7273,-3.0075,5.1884,-1.4009,-0.8762,2.88,-0.0161
1982-01,71.0,122.55,123.72,113.63,120.4,117.2765,48417000.0,-1.7544,8.8797,-0.9212,-0.8776,10.4199,-0.0277
1982-02,66.5,119.81,119.81,110.03,113.11,114.4953,51167894.7368,-6.0548,8.8885,-1.2434,-0.8824,-6.338,0.1719
1982-03,62.0,113.11,114.8,104.46,111.96,110.8422,55160434.7826,-1.0167,9.8985,-1.5656,-0.8831,-6.7669,0.508
1982-04,65.5,111.96,119.33,111.48,116.44,116.3071,54118571.4286,4.0014,7.0416,-1.315,-0.8802,5.6452,0.5325
1982-05,67.5,115.96,119.92,111.66,111.88,116.353,51323000.0,-3.9162,7.3975,-1.1718,-0.8832,3.0534,0.4287
1982-06,65.7,111.97,112.48,107.01,109.61,109.6977,50478636.3636,-2.029,5.1117,-1.3007,-0.8847,-2.6667,0.3881
1982-07,65.4,109.52,112.39,105.57,107.09,109.3767,54532857.1429,-2.2991,6.4602,-1.3222,-0.8863,-0.4566,0.2647
1982-08,65.4,107.71,120.26,102.2,119.51,109.6514,76035000.0,11.5977,17.6712,-1.3222,-0.8782,0.0,0.0543
1982-09,69.3,119.52,126.43,117.84,120.42,122.4333,73716190.4762,0.7614,7.2895,-1.0429,-0.8776,5.9633,0.1369
1982-10,73.4,120.4,140.4,120.15,133.72,132.6605,98502857.1429,11.0447,16.8539,-0.7493,-0.8689,5.9163,0.4383
1982-11,72.1,133.72,144.36,132.89,138.53,138.101,88430476.1905,3.5971,8.6312,-0.8424,-0.8658,-1.7711,0.7381
1982-12,71.9,138.56,143.68,134.79,140.64,139.3659,76458181.8182,1.5231,6.5954,-0.8567,-0.8644,-0.2774,0.8262
1983-01,70.4,140.65,148.36,138.08,145.3,144.2671,88457142.8571,3.3134,7.445,-0.9641,-0.8613,-2.0862,0.8258
1983-02,74.6,145.29,150.88,141.9,148.06,146.7968,85023684.2105,1.8995,6.3284,-0.6634,-0.8595,5.9659,0.8647
1983-03,80.8,148.07,155.02,148.07,152.96,151.8765,82692173.913,3.3095,4.6937,-0.2194,-0.8563,8.311,0.8806
1983-04,89.1,152.92,164.43,150.17,164.43,157.712,89343500.0,7.4987,9.4959,0.3749,-0.8488,10.2723,0.884
1983-05,93.3,164.41,166.99,160.29,162.39,164.0971,93006190.4762,-1.2406,4.1799,0.6757,-0.8502,4.7138,0.8794
1983-06,92.2,162.38,171.6,160.8,167.64,166.3691,89720909.0909,3.233,6.7164,0.5969,-0.8468,-1.179,0.8978
1983-07,92.8,168.11,170.72,161.5,162.56,166.951,79508500.0,-3.0303,5.709,0.6399,-0.8501,0.6508,0.9125
1983-08,90.9,162.34,165.91,158.5,164.4,162.4178,74192608.6957,1.1319,4.6751,0.5038,-0.8489,-2.0474,0.9071
1983-09,89.9,164.4,170.41,163.95,166.07,167.1605,82848095.2381,1.0158,3.9402,0.4322,-0.8478,-1.1001,0.9369
1983-10,89.3,165.99,172.65,162.86,163.55,167.6543,85458095.2381,-1.5174,6.0113,0.3892,-0.8494,-0.6674,0.9586
1983-11,91.1,163.55,168.07,161.63,166.4,165.231,86410000.0,1.7426,3.9844,0.5181,-0.8476,2.0157,0.9601
1983-12,94.2,166.37,166.77,161.58,164.93,164.3714,88040952.381,-0.8834,3.212,0.7401,-0.8485,3.4029,0.9521
1984-01,100.1,164.93,169.54,162.03,163.41,166.3929,105507619.0476,-0.9216,4.6349,1.1626,-0.8495,6.2633,0.827
1984-02,97.4,163.41,164.0,152.13,157.06,157.2505,96640500.0,-3.8859,7.8025,0.9693,-0.8537,-2.6973,0.3288
1984-03,101.0,157.06,160.46,153.77,159.18,157.4386,84314545.4545,1.3498,4.3507,1.227,-0.8523,3.6961,-0.6352
1984-04,96.1,159.18,160.69,154.12,160.05,157.6015,85876500.0,0.5466,4.2629,0.8762,-0.8517,-4.8515,-0.6548
1984-05,98.1,160.05,162.11,148.68,150.55,156.5509,88161363.6364,-5.9356,9.0328,1.0194,-0.8579,2.0812,-0.6304
1984-06,95.5,150.55,155.64,148.53,153.18,153.1248,86327142.8571,1.7469,4.7869,0.8332,-0.8562,-2.6504,-0.5717
1984-07,96.6,153.16,153.87,147.26,150.66,151.0781,79152380.9524,-1.6451,4.4887,0.912,-0.8578,1.1518,-0.5493
1984-08,99.1,150.66,168.8,150.66,166.68,164.4209,109866086.9565,10.6332,12.0404,1.091,-0.8474,2.588,-0.3707
1984-09,100.9,166.68,169.65,163.06,166.1,166.1126,93087368.4211,-0.348,4.0415,1.2199,-0.8478,1.8163,-0.1251
1984-10,96.3,166.1,169.62,160.02,166.09,164.8187,91749130.4348,-0.006,5.9992,0.8905,-0.8478,-4.559,-0.0464
1984-11,95.7,166.09,170.41,162.99,163.58,166.2719,83680000.0,-1.5112,4.5524,0.8475,-0.8494,-0.6231,0.1599
1984-12,92.9,163.58,169.03,161.54,167.24,164.48,89050000.0,2.2374,4.6366,0.647,-0.847,-2.9258,0.042
1985-01,96.0,167.2,180.27,163.36,179.63,171.6127,121532272.7273,7.4085,10.3514,0.869,-0.8389,3.3369,-0.1118
1985-02,93.7,179.63,183.95,177.75,181.18,180.8847,115506315.7895,0.8629,3.488,0.7043,-0.8379,-2.3958,-0.2983
1985-03,93.7,181.18,183.89,176.53,180.66,179.42,102528095.2381,-0.287,4.1693,0.7043,-0.8382,0.0,-0.3744
1985-04,94.6,180.66,183.61,177.86,179.83,180.6186,94375238.0952,-0.4594,3.2329,0.7688,-0.8388,0.9605,-0.4201
1985-05,91.8,179.83,189.98,178.35,189.55,184.8991,106833636.3636,5.4051,6.5209,0.5683,-0.8324,-2.9598,-0.5006
1985-06,96.5,189.55,191.85,185.03,191.85,188.886,105850000.0,1.2134,3.6859,0.9048,-0.8309,5.1198,-0.4454
1985-07,94.0,191.85,196.07,189.3,190.92,192.5445,111957727.2727,-0.4848,3.5763,0.7258,-0.8315,-2.5907,-0.4955
1985-08,92.4,190.92,192.17,186.1,188.63,188.3064,87418181.8182,-1.1995,3.2617,0.6112,-0.833,-1.7021,-0.4758
1985-09,92.1,188.63,188.8,179.45,182.08,184.2058,97903157.8947,-3.4724,5.2104,0.5897,-0.8373,-0.3247,-0.3128
1985-10,88.4,182.06,190.15,181.16,189.82,186.1804,110575652.1739,4.2509,4.9625,0.3248,-0.8323,-4.0174,-0.3001
1985-11,90.9,189.82,203.4,189.37,202.17,197.4455,122268500.0,6.5062,7.4088,0.5038,-0.8242,2.8281,-0.2902
1985-12,93.9,202.17,213.08,200.1,211.28,207.2576,133541904.7619,4.5061,6.4868,0.7186,-0.8182,3.3003,-0.2012
1986-01,95.6,211.28,214.57,202.6,211.78,208.1941,130864090.9091,0.2367,5.9082,0.8404,-0.8179,1.8104,0.1314
1986-02,95.9,211.78,227.92,210.82,226.92,219.3653,152584210.5263,7.1489,8.1112,0.8618,-0.808,0.3138,0.3503
1986-03,95.1,226.92,240.11,222.18,238.9,232.327,160730000.0,5.2794,8.07,0.8046,-0.8002,-0.8342,0.4298
1986-04,96.2,238.9,245.47,226.3,235.52,237.9677,147290909.0909,-1.4148,8.4711,0.8833,-0.8024,1.1567,0.593
1986-05,94.8,235.52,249.19,232.26,247.35,238.459,127630476.1905,5.0229,7.2892,0.7831,-0.7947,-1.4553,0.547
1986-06,99.3,246.04,251.81,238.23,250.84,245.2957,126171428.5714,1.411,5.7004,1.1053,-0.7924,4.7468,0.7723
1986-07,97.7,250.67,253.2,233.07,236.12,240.18,137722727.2727,-5.8683,8.6369,0.9907,-0.802,-1.6113,0.8183
1986-08,94.9,236.12,254.24,231.92,252.93,245.001,128661904.7619,7.1193,9.624,0.7902,-0.791,-2.8659,0.7703
1986-09,91.9,252.93,254.13,228.08,231.32,238.269,150776190.4762,-8.5439,11.4214,0.5754,-0.8052,-3.1612,0.7288
1986-10,95.6,231.32,244.51,231.32,243.98,237.3561,131162608.6957,5.4729,5.7021,0.8404,-0.7969,4.0261,0.5573
1986-11,91.4,243.97,249.22,235.51,249.22,245.0926,154780526.3158,2.1477,5.8214,0.5396,-0.7935,-4.3933,0.1046
1986-12,89.1,249.22,254.87,241.28,242.17,248.6055,148221363.6364,-2.8288,5.6325,0.3749,-0.7981,-2.5164,-0.0562
1987-01,90.4,242.17,280.96,242.17,274.08,264.511,192422857.1429,13.1767,16.0177,0.468,-0.7772,1.459,-0.303
1987-02,90.2,274.08,287.55,273.16,284.2,280.9342,183436842.1053,3.6924,5.268,0.4537,-0.7706,-0.2212,-0.4278
1987-03,90.8,284.17,302.72,282.3,291.7,292.4714,180231818.1818,2.639,7.2334,0.4966,-0.7657,0.6652,-0.4755
1987-04,92.8,291.59,303.65,275.67,288.36,289.3219,187223809.5238,-1.145,10.1498,0.6399,-0.7679,2.2026,-0.4061
1987-05,91.1,286.99,298.69,277.01,290.1,289.1155,170885000.0,0.6034,7.8264,0.5181,-0.7668,-1.8319,-0.4249
1987-06,91.5,290.12,310.27,286.93,304.0,301.3841,163409090.9091,4.7914,8.1344,0.5468,-0.7577,0.4391,-0.4256
1987-07,93.7,303.99,318.85,302.53,318.66,310.0873,180290909.0909,4.8224,5.3945,0.7043,-0.7481,2.4044,-0.0675
1987-08,94.4,318.62,337.89,314.51,329.8,329.3581,193447619.0476,3.4959,7.4338,0.7544,-0.7408,0.7471,0.2456
1987-09,93.6,329.81,332.18,308.56,321.83,318.661,177295238.0952,-2.4166,7.6549,0.6971,-0.746,-0.8475,0.3434
1987-10,89.3,321.83,328.94,216.46,251.79,280.1641,277022727.2727,-21.763,51.9634,0.3892,-0.7918,-4.594,0.847
1987-11,83.1,251.73,257.21,225.75,230.3,245.0085,179476500.0,-8.5349,13.9358,-0.0547,-0.8058,-6.9429,0.895
1987-12,86.8,230.32,253.35,221.24,247.08,240.9559,178488636.3636,7.2861,14.5137,0.2102,-0.7949,4.4525,0.9324
1988-01,90.8,247.1,261.78,240.17,257.07,250.4765,174735000.0,4.0432,8.9978,0.4966,-0.7883,4.6083,0.8983
1988-02,91.6,257.05,267.82,247.82,267.82,258.128,184662000.0,4.1817,8.0704,0.5539,-0.7813,0.8811,0.8741
1988-03,94.6,267.82,272.64,256.07,258.89,265.7374,176216086.9565,-3.3343,6.4709,0.7688,-0.7871,3.2751,0.7441
1988-04,91.2,258.89,272.05,254.71,261.33,262.6155,163038000.0,0.9425,6.8077,0.5253,-0.7856,-3.5941,0.7305
1988-05,94.8,261.36,263.7,248.85,262.16,256.1238,153874761.9048,0.3176,5.9675,0.7831,-0.785,3.9474,0.6497
1988-06,94.7,262.16,276.88,262.1,273.5,270.6827,195759545.4545,4.3256,5.6391,0.7759,-0.7776,-0.1055,0.6438
1988-07,93.4,273.5,276.36,262.48,272.02,269.0495,166923500.0,-0.5411,5.288,0.6828,-0.7786,-1.3728,0.6334
1988-08,97.4,272.03,274.2,256.53,261.52,263.7265,144672608.6957,-3.86,6.8881,0.9693,-0.7854,4.2827,0.5604
1988-09,97.3,261.52,274.87,256.98,271.91,267.97,145688095.2381,3.9729,6.9616,0.9621,-0.7786,-0.1027,0.8411
1988-10,94.1,271.89,283.95,268.84,278.97,277.3957,162626666.6667,2.5964,5.6204,0.733,-0.774,-3.2888,0.8058
1988-11,93.0,278.97,280.37,262.85,273.7,271.0243,134420000.0,-1.8891,6.6654,0.6542,-0.7775,-1.169,0.5516
1988-12,91.9,273.68,280.45,270.47,277.72,276.5148,135471428.5714,1.4688,3.6899,0.5754,-0.7748,-1.1828,0.0625
1989-01,97.9,277.72,297.51,273.81,297.47,285.4138,168200952.381,7.1115,8.6556,1.0051,-0.7619,6.5288,0.2921
1989-02,95.4,297.47,300.57,286.26,288.86,294.0111,169277894.7368,-2.8944,4.999,0.826,-0.7676,-2.5536,0.2938
1989-03,94.3,288.86,299.99,286.46,294.87,292.7132,159296818.1818,2.0806,4.7232,0.7473,-0.7636,-1.153,0.2542
1989-04,91.5,294.87,310.45,294.35,309.64,302.251,161862500.0,5.009,5.4697,0.5468,-0.754,-2.9692,-0.2473
1989-05,90.7,309.64,323.06,304.06,320.52,313.93,170332727.2727,3.5137,6.2488,0.4895,-0.7469,-0.8743,-0.4792
1989-06,90.6,320.51,329.19,314.38,317.98,323.7277,180299545.4545,-0.7925,4.7109,0.4823,-0.7485,-0.1103,-0.5783
1989-07,92.0,317.98,346.08,317.26,346.08,331.9265,162451500.0,8.837,9.084,0.5826,-0.7302,1.5453,-0.6021
1989-08,89.6,346.08,352.73,339.0,351.45,346.6078,171700000.0,1.5517,4.0502,0.4107,-0.7267,-2.6087,-0.6251
1989-09,95.8,351.45,354.13,341.37,349.15,347.3295,151751000.0,-0.6544,3.7379,0.8547,-0.7282,6.9196,-0.3098
1989-10,93.9,349.15,360.44,327.12,340.36,347.3973,182394090.9091,-2.5175,10.1859,0.7186,-0.7339,-1.9833,-0.2382
1989-11,90.9,340.36,346.5,330.91,345.99,340.219,144388571.4286,1.6541,4.7112,0.5038,-0.7302,-3.1949,-0.3251
1989-12,90.5,346.01,354.1,339.63,353.4,348.572,160671000.0,2.1417,4.2605,0.4752,-0.7254,-0.44,-0.5015
1990-01,93.0,353.4,360.59,319.83,329.08,339.9718,172420454.5455,-6.8817,12.7443,0.6542,-0.7413,2.7624,-0.3687
1990-02,89.5,329.08,336.09,322.1,331.89,330.4526,155893157.8947,0.8539,4.3434,0.4036,-0.7395,-3.7634,-0.134
1990-03,91.3,331.89,344.49,331.08,339.94,338.465,149240000.0,2.4255,4.0504,0.5325,-0.7342,2.0112,0.1536
1990-04,93.9,339.94,347.3,327.76,330.8,338.178,140061000.0,-2.6887,5.9617,0.7186,-0.7402,2.8478,0.0975
1990-05,90.6,330.8,362.26,330.8,361.23,350.25,163485454.5455,9.1989,9.5103,0.4823,-0.7203,-3.5144,-0.0844
1990-06,88.3,361.26,368.78,351.23,358.02,360.3867,153632380.9524,-0.8886,4.9967,0.3176,-0.7224,-2.5386,-0.3953
1990-07,88.2,358.02,369.78,350.09,356.15,360.031,160644761.9048,-0.5223,5.6243,0.3105,-0.7236,-0.1133,-0.4689
1990-08,76.4,356.15,357.35,306.18,322.56,330.7465,174814347.8261,-9.4314,16.7124,-0.5345,-0.7456,-13.3787,0.2675
1990-09,72.8,322.56,326.53,295.98,306.05,315.4068,141435789.4737,-5.1184,10.3216,-0.7923,-0.7563,-4.712,0.5898
1990-10,63.9,306.1,319.69,294.51,304.0,307.1248,159647826.087,-0.6698,8.5498,-1.4296,-0.7577,-12.2253,0.7388
1990-11,66.0,303.99,323.02,301.61,322.22,315.291,149989047.619,5.9934,7.0986,-1.2792,-0.7458,3.2864,0.7179
1990-12,65.5,322.23,333.98,321.97,330.22,328.7495,155841500.0,2.4828,3.7302,-1.315,-0.7405,-0.7576,0.653
1991-01,66.8,330.2,343.93,309.35,343.93,325.4855,166374545.4545,4.1518,11.1783,-1.2219,-0.7316,1.9847,0.6006
1991-02,70.4,343.91,370.96,340.37,367.07,362.2632,226482631.5789,6.7281,8.9873,-0.9641,-0.7165,5.3892,0.4635
1991-03,87.7,367.07,379.66,363.73,375.22,372.279,196396000.0,2.2203,4.3796,0.2747,-0.7112,24.5739,0.5384
1991-04,81.8,375.22,391.26,370.27,375.34,379.6786,182600000.0,0.032,5.6688,-0.1478,-0.7111,-6.7275,0.6706
1991-05,78.3,375.35,389.85,365.83,389.83,377.9923,169986363.6364,3.8605,6.5659,-0.3984,-0.7016,-4.2787,0.6169
1991-06,82.1,389.81,389.81,367.98,371.16,378.293,162936500.0,-4.7893,5.9324,-0.1263,-0.7138,4.8531,0.6507
1991-07,82.9,371.18,387.81,370.92,387.81,380.2268,158253181.8182,4.4859,4.5535,-0.069,-0.7029,0.9744,0.7278
1991-08,82.0,387.81,396.82,374.09,395.43,389.4032,168810000.0,1.9649,6.0761,-0.1335,-0.698,-1.0856,0.7941
1991-09,83.0,395.43,397.62,382.77,387.86,387.1985,163049500.0,-1.9144,3.8796,-0.0619,-0.7029,1.2195,0.8697
1991-10,78.3,387.86,393.81,376.11,392.45,386.8835,177494782.6087,1.1834,4.7061,-0.3984,-0.6999,-5.6627,0.8245
1991-11,69.1,392.46,398.22,371.63,375.22,385.9195,186881000.0,-4.3904,7.155,-1.0572,-0.7112,-11.7497,0.7228
1991-12,68.2,375.11,418.32,371.36,417.09,388.5105,197871904.7619,11.1588,12.6454,-1.1217,-0.6838,-1.3025,0.1683
1992-01,67.5,417.03,421.18,408.64,408.78,416.075,240285454.5455,-1.9924,3.0687,-1.1718,-0.6892,-1.0264,-0.3833
1992-02,68.8,408.79,418.08,406.34,412.7,412.5558,224611052.6316,0.959,2.8892,-1.0787,-0.6867,1.9259,-0.6674
1992-03,76.0,412.68,413.78,401.94,403.69,407.3645,184829090.9091,-2.1832,2.9457,-0.5631,-0.6926,10.4651,-0.6101
1992-04,77.2,403.67,416.28,392.41,414.95,407.4071,205516190.4762,2.7893,6.0829,-0.4772,-0.6852,1.5789,-0.506
1992-05,79.2,414.95,418.75,409.85,415.35,414.8145,182199000.0,0.0964,2.1715,-0.334,-0.6849,2.5907,-0.4137
1992-06,80.4,415.35,417.3,399.92,408.14,408.2745,193628636.3636,-1.7359,4.3459,-0.2481,-0.6896,1.5152,-0.2665
1992-07,76.6,408.2,424.8,407.2,424.21,415.0514,193873636.3636,3.9374,4.3222,-0.5202,-0.6791,-4.7264,-0.1289
1992-08,76.1,424.19,425.14,408.3,414.03,417.9271,173991428.5714,-2.3998,4.1244,-0.556,-0.6858,-0.6527,-0.0485
1992-09,75.6,414.03,425.27,412.71,417.8,418.4771,191611904.7619,0.9106,3.0433,-0.5918,-0.6833,-0.657,0.193
1992-10,73.3,417.8,421.16,396.8,418.68,412.5027,204864090.9091,0.2106,6.1391,-0.7565,-0.6828,-3.0423,0.3141
1992-11,85.3,418.66,431.93,415.58,431.35,422.844,207438500.0,3.0262,3.9343,0.1028,-0.6745,16.3711,0.4106
1992-12,91.0,431.35,442.65,428.61,435.71,435.6395,221643181.8182,1.0108,3.2757,0.511,-0.6716,6.6823,0.7008
1993-01,89.3,435.7,442.66,426.88,438.78,435.229,264042500.0,0.7046,3.6966,0.3892,-0.6696,-1.8681,0.7609
1993-02,86.6,438.78,450.04,428.25,443.38,441.7037,286444736.8421,1.0484,5.0882,0.1959,-0.6666,-3.0235,0.7939
1993-03,85.9,443.38,456.76,441.07,451.67,450.1552,250736956.5217,1.8697,3.5573,0.1458,-0.6612,-0.8083,0.7646
1993-04,85.6,451.67,452.63,432.3,440.19,443.0776,278722380.9524,-2.5417,4.7028,0.1243,-0.6687,-0.3492,0.7608
1993-05,80.3,440.19,454.55,436.86,450.19,445.2465,255432000.0,2.2717,4.0494,-0.2552,-0.6622,-6.1916,0.6451
1993-06,81.5,450.23,455.63,442.5,450.53,448.0595,252018181.8182,0.0755,2.9672,-0.1693,-0.662,1.4944,0.6291
1993-07,77.0,450.54,451.15,441.4,448.13,447.2862,252787142.8571,-0.5327,2.2089,-0.4915,-0.6635,-5.5215,0.4784
1993-08,77.3,448.13,463.56,446.94,463.56,454.1277,250281818.1818,3.4432,3.7186,-0.47,-0.6534,0.3896,0.159
1993-09,77.9,463.55,463.8,449.64,458.93,459.2352,264415238.0952,-0.9988,3.1492,-0.4271,-0.6565,0.7762,-0.1476
1993-10,82.7,458.93,471.1,456.4,467.83,463.9,282879047.619,1.9393,3.2209,-0.0834,-0.6507,6.1617,-0.6683
1993-11,81.2,467.83,469.11,454.36,461.79,462.8905,279838571.4286,-1.2911,3.2463,-0.1908,-0.6546,-1.8138,-0.6928
1993-12,88.2,461.93,471.29,461.45,466.45,465.9455,263236818.1818,1.0091,2.1324,0.3105,-0.6516,8.6207,-0.3376
1994-01,94.3,466.51,482.85,464.36,481.61,472.9929,315590000.0,3.2501,3.9818,0.7473,-0.6417,6.9161,0.3605
1994-02,93.2,481.6,482.23,464.26,467.14,471.58,308057894.7368,-3.0045,3.8707,0.6685,-0.6511,-1.1665,0.516
1994-03,91.5,467.19,471.09,436.16,445.77,463.8078,314130869.5652,-4.5747,8.0085,0.5468,-0.6651,-1.824,0.3602
1994-04,92.6,445.66,452.79,435.86,450.91,447.2321,301842631.5789,1.1531,3.8843,0.6255,-0.6617,1.2022,0.3155
1994-05,92.8,450.91,457.77,440.78,456.5,450.8986,270284285.7143,1.2397,3.8545,0.6399,-0.6581,0.216,0.225
1994-06,91.2,456.5,463.23,439.83,444.27,454.8259,266030454.5455,-2.6791,5.3202,0.5253,-0.666,-1.7241,0.0672
1994-07,89.0,444.27,459.33,443.58,458.26,451.401,249005000.0,3.149,3.5507,0.3678,-0.6569,-2.4123,-0.0929
1994-08,91.7,458.28,477.59,456.08,475.49,464.243,278206521.7391,3.7599,4.7163,0.5611,-0.6457,3.0337,0.0236
1994-09,91.5,475.49,475.49,458.47,462.71,466.9581,292993809.5238,-2.6878,3.7123,0.5468,-0.654,-0.2181,-0.0198
1994-10,92.7,462.69,474.74,449.27,472.35,463.8138,302128571.4286,2.0834,5.6692,0.6327,-0.6477,1.3115,0.1383
1994-11,91.6,472.26,472.26,444.18,453.69,461.0152,297678095.2381,-3.9505,6.3218,0.5539,-0.6599,-1.1866,0.2729
1994-12,95.1,453.55,462.73,442.88,459.27,455.1867,302453809.5238,1.2299,4.482,0.8046,-0.6562,3.821,0.3736
1995-01,97.6,459.21,471.36,457.2,470.42,465.25,326288571.4286,2.4278,3.0971,0.9836,-0.649,2.6288,0.3657
1995-02,95.1,470.42,489.19,469.29,487.39,481.9247,333163157.8947,3.6074,4.2404,0.8046,-0.6379,-2.5615,0.4699
1995-03,90.3,487.39,508.15,479.7,500.71,493.153,338800000.0,2.7329,5.9308,0.4608,-0.6292,-5.0473,0.1037
1995-04,92.5,500.7,515.29,500.2,514.71,507.9058,331948947.3684,2.796,3.0168,0.6184,-0.62,2.4363,0.0731
1995-05,89.8,514.76,533.41,513.03,533.4,523.8136,343440454.5455,3.6312,3.9725,0.425,-0.6078,-2.9189,-0.1539
1995-06,92.7,533.4,551.07,526.0,544.75,539.3541,343438636.3636,2.1279,4.7662,0.6327,-0.6004,3.2294,-0.1673
1995-07,94.4,544.75,565.4,542.51,562.06,557.3665,365398000.0,3.1776,4.2193,0.7544,-0.5891,1.8339,-0.1506
1995-08,96.2,562.06,565.62,553.04,561.88,559.11,310722608.6957,-0.032,2.2747,0.8833,-0.5892,1.9068,0.0277
1995-09,88.9,561.88,587.61,561.01,584.41,578.7655,352641500.0,4.0097,4.7414,0.3606,-0.5745,-7.5884,-0.286
1995-10,90.2,584.41,590.66,571.55,581.5,582.9182,365605454.5455,-0.4979,3.3435,0.4537,-0.5764,1.4623,-0.3926
1995-11,88.2,581.5,608.69,581.04,605.37,595.5324,362007142.8571,4.1049,4.7587,0.3105,-0.5608,-2.2173,-0.6194
1995-12,91.0,605.37,622.88,605.05,615.93,614.571,384877000.0,1.7444,2.9469,0.511,-0.5539,3.1746,-0.575
1996-01,89.3,615.93,636.18,597.29,636.02,614.42,417638636.3636,3.2617,6.5111,0.3892,-0.5408,-1.8681,-0.4731
1996-02,88.5,636.02,664.23,633.71,640.43,649.542,437498000.0,0.6934,4.8161,0.332,-0.5379,-0.8959,-0.4258
1996-03,93.7,640.43,656.97,627.63,645.5,647.0748,427819047.619,0.7917,4.6747,0.7043,-0.5346,5.8757,-0.3434
1996-04,92.7,645.5,656.68,624.14,654.17,647.1729,422646666.6667,1.3431,5.2136,0.6327,-0.5289,-1.0672,-0.2067
1996-05,89.4,654.17,681.1,630.07,669.12,661.2305,405506363.6364,2.2853,8.0991,0.3964,-0.5192,-3.5599,-0.3991
1996-06,92.4,669.12,680.32,658.75,670.63,668.499,396542000.0,0.2257,3.2744,0.6112,-0.5182,3.3557,-0.2727
1996-07,94.7,670.63,675.88,605.88,639.95,644.0705,402266363.6364,-4.5748,11.5534,0.7759,-0.5382,2.4892,-0.0565
1996-08,95.3,639.95,670.68,639.49,651.99,662.6823,335469090.9091,1.8814,4.8773,0.8189,-0.5304,0.6336,0.4491
1996-09,94.7,651.99,690.88,643.97,687.33,674.8855,403203500.0,5.4203,7.2845,0.7759,-0.5073,-0.6296,0.4778
1996-10,96.5,687.31,714.1,684.44,705.27,701.4557,421898695.6522,2.6101,4.3335,0.9048,-0.4955,1.9007,0.6206
1996-11,99.2,705.27,762.12,701.3,757.02,735.669,438192500.0,7.3376,8.6725,1.0981,-0.4617,2.7979,0.7213
1996-12,96.9,757.02,761.75,716.69,740.74,743.249,432817619.0476,-2.1505,6.2872,0.9335,-0.4724,-2.3185,0.7413
1997-01,97.4,740.74,794.67,729.55,786.16,766.2168,528901363.6364,6.1317,8.926,0.9693,-0.4427,0.516,0.7196
1997-02,99.7,786.16,817.68,773.43,790.82,798.3842,511364736.8421,0.5928,5.7213,1.1339,-0.4397,2.3614,0.7746
1997-03,100.0,790.82,814.9,756.13,757.12,792.1555,506038000.0,-4.2614,7.7725,1.1554,-0.4617,0.3009,0.7897
1997-04,101.4,757.12,804.13,733.54,801.34,763.9282,475221818.1818,5.8406,9.6232,1.2557,-0.4328,1.4,0.8136
1997-05,103.2,801.34,851.87,793.21,848.28,833.0914,481269047.619,5.8577,7.3953,1.3846,-0.4021,1.7751,0.9022
1997-06,104.5,848.28,902.09,838.82,885.14,876.2862,517045238.0952,4.3453,7.5427,1.4777,-0.3781,1.2597,0.9385
1997-07,107.1,885.14,957.73,884.54,954.31,925.2945,543550909.0909,7.8146,8.2744,1.6638,-0.3329,2.488,0.9583
1997-08,104.4,954.29,964.17,893.34,899.47,927.7357,505052380.9524,-5.7466,7.9287,1.4705,-0.3687,-2.521,0.963
1997-09,106.0,899.47,960.59,899.47,947.28,937.0243,542047619.0476,5.3154,6.7951,1.5851,-0.3375,1.5326,0.9597
1997-10,105.6,947.28,983.12,855.27,914.62,951.1596,609446086.9565,-3.4478,14.9485,1.5564,-0.3588,-0.3774,0.9554
1997-11,107.2,914.62,964.55,900.61,955.4,938.9237,535453684.2105,4.4587,7.0996,1.671,-0.3322,1.5152,0.961
1997-12,102.1,955.4,986.25,924.92,970.43,962.3655,543585454.5455,1.5732,6.6308,1.3058,-0.3223,-4.7575,0.827
1998-01,106.6,970.43,992.65,912.83,980.28,963.359,636691500.0,1.015,8.7442,1.628,-0.3159,4.4074,0.8299
1998-02,110.4,980.28,1051.66,980.28,1049.34,1023.7421,613502631.5789,7.0449,7.2816,1.9001,-0.2708,3.5647,0.8524
1998-03,106.5,1049.34,1113.0699,1030.87,1101.75,1076.8277,623617727.2727,4.9946,7.9738,1.6209,-0.2366,-3.5326,0.7011
1998-04,108.7,1101.75,1132.98,1076.7,1111.75,1112.1962,650288571.4286,0.9076,5.2271,1.7784,-0.23,2.0657,0.6585
1998-05,106.5,1111.75,1130.52,1074.39,1090.8199,1108.417,573857000.0,-1.8826,5.2244,1.6209,-0.2437,-2.0239,0.549
1998-06,105.6,1090.8199,1145.15,1074.67,1133.84,1108.3895,615998636.3636,3.9438,6.5583,1.5564,-0.2156,-0.8451,0.38
1998-07,105.2,1133.84,1190.58,1114.3,1120.67,1156.5773,645218181.8182,-1.1615,6.8455,1.5278,-0.2242,-0.3788,0.3266
1998-08,104.4,1120.67,1121.79,957.28,957.28,1074.6205,717692857.1429,-14.5797,17.1852,1.4705,-0.3309,-0.7605,0.2936
1998-09,100.9,957.28,1066.11,939.98,1017.01,1020.64,795908571.4286,6.2396,13.4184,1.2199,-0.2919,-3.3525,0.2784
1998-10,97.4,1017.01,1103.78,923.32,1098.67,1032.47,818256818.1818,8.0294,19.5447,0.9693,-0.2386,-3.4688,0.0602
1998-11,102.7,1098.67,1192.97,1098.67,1163.63,1144.4335,672564000.0,5.9126,8.5831,1.3488,-0.1961,5.4415,0.0575
1998-12,100.5,1163.63,1244.9301,1136.89,1229.23,1190.0509,690065909.0909,5.6375,9.5031,1.1912,-0.1533,-2.1422,-0.2431
1999-01,103.9,1229.23,1280.37,1205.46,1279.64,1248.7747,853342105.2632,4.1009,6.2142,1.4347,-0.1203,3.3831,-0.177
1999-02,108.1,1279.64,1283.84,1211.89,1238.33,1246.5821,766097894.7368,-3.2283,5.937,1.7354,-0.1473,4.0423,0.0808
1999-03,105.7,1238.33,1323.8199,1216.03,1286.37,1281.6639,782717391.3043,3.8794,8.8641,1.5636,-0.1159,-2.2202,0.1585
1999-04,104.6,1286.37,1371.5601,1282.5601,1335.1801,1334.7567,882057142.8571,3.7944,6.9392,1.4848,-0.0841,-1.0407,0.2388
1999-05,106.8,1335.1801,1375.98,1277.3101,1301.84,1332.074,794013000.0,-2.497,7.7248,1.6424,-0.1058,2.1033,0.3841
1999-06,107.3,1301.84,1372.9301,1277.47,1372.71,1322.5527,730871363.6364,5.4438,7.4726,1.6782,-0.0595,0.4682,0.4982
1999-07,106.0,1372.71,1420.33,1328.49,1328.72,1380.99,730139523.8095,-3.2046,6.9131,1.5851,-0.0883,-1.2116,0.5594
1999-08,104.5,1328.72,1382.84,1267.73,1320.41,1327.4887,719025000.0,-0.6254,9.08,1.4777,-0.0937,-1.4151,0.7353
1999-09,107.2,1320.41,1361.39,1256.26,1282.71,1318.1719,782795238.0952,-2.8552,8.3685,1.671,-0.1183,2.5837,0.7396
1999-10,103.2,1282.71,1373.17,1233.7,1362.9301,1300.01,896761904.7619,6.254,11.305,1.3846,-0.0659,-3.7313,0.3283
1999-11,107.2,1362.9301,1425.3101,1346.41,1388.91,1391.0028,875467619.0476,1.9062,5.86,1.671,-0.049,3.876,0.2532
1999-12,105.4,1388.91,1473.1,1387.38,1469.25,1428.6841,892758636.3636,5.7844,6.1786,1.5421,0.0035,-1.6791,-0.1857
2000-01,112.0,1469.25,1478.0,1350.14,1394.46,1425.5855,1074720000.0,-5.0904,9.4701,2.0147,-0.0453,6.2619,0.0162
2000-02,111.3,1394.46,1444.55,1325.0699,1366.42,1388.8745,1045600000.0,-2.0108,9.0169,1.9646,-0.0637,-0.625,0.1834
2000-03,107.1,1366.42,1552.87,1346.62,1498.58,1442.2126,1137226086.9565,9.672,15.3161,1.6638,0.0227,-3.7736,0.1293
2000-04,109.2,1498.58,1527.1899,1339.4,1452.4301,1461.3553,1058234736.8421,-3.0796,14.0205,1.8142,-0.0075,1.9608,0.1631
2000-05,110.7,1452.4301,1481.51,1361.09,1420.6,1418.4795,904468181.8182,-2.1915,8.8473,1.9216,-0.0283,1.3736,0.1983
2000-06,106.4,1420.6,1488.9301,1420.6,1454.6,1461.9591,988104545.4545,2.3934,4.8099,1.6137,-0.0061,-3.8844,0.1506
2000-07,108.3,1454.6,1517.3199,1413.89,1430.83,1473.0025,954455000.0,-1.6341,7.3153,1.7498,-0.0216,1.7857,0.1108
2000-08,107.3,1430.83,1525.21,1425.4301,1517.6801,1485.4583,885378260.8696,6.0699,7.0,1.6782,0.0352,-0.9234,-0.0818
2000-09,106.8,1517.6801,1530.09,1419.4399,1436.51,1468.054,1041915000.0,-5.3483,7.7953,1.6424,-0.0179,-0.466,-0.1922
2000-10,105.8,1436.52,1454.8199,1305.79,1429.4,1390.1441,1179609090.9091,-0.4949,11.413,1.5708,-0.0225,-0.9363,-0.5646
2000-11,107.6,1429.4,1438.46,1294.9,1314.95,1375.0376,977728571.4286,-8.0069,11.0866,1.6996,-0.0973,1.7013,-0.4359
2000-12,98.4,1314.95,1389.05,1254.0699,1320.28,1330.9295,1180540000.0,0.4053,10.7634,1.0409,-0.0938,-8.5502,0.2184
2001-01,94.7,1320.28,1383.37,1274.62,1366.01,1335.6391,1325228571.4286,3.4637,8.532,0.7759,-0.0639,-3.7602,0.3787
2001-02,90.6,1366.01,1376.38,1215.4399,1239.9399,1305.7516,1139178947.3684,-9.2291,13.2413,0.4823,-0.1463,-4.3295,0.7267
2001-03,91.5,1239.9399,1267.42,1081.1899,1160.33,1185.85,1263936818.1818,-6.4205,17.2246,0.5468,-0.1983,0.9934,0.8081
2001-04,88.4,1160.33,1269.3,1091.99,1249.46,1189.837,1270499500.0,7.6814,16.2373,0.3248,-0.1401,-3.388,0.8166
2001-05,92.0,1249.46,1315.9301,1232.0,1255.8199,1270.3686,1114813636.3636,0.509,6.8125,0.5826,-0.1359,4.0724,0.835
2001-06,92.6,1255.8199,1286.62,1203.03,1224.38,1238.7105,1178477619.0476,-2.5035,6.9483,0.6255,-0.1564,0.6522,0.833
2001-07,92.4,1224.42,1239.78,1165.54,1211.23,1204.4495,1133033809.5238,-1.074,6.3696,0.6112,-0.165,-0.216,0.8237
2001-08,91.5,1211.23,1226.27,1124.87,1133.58,1178.5039,1015617391.3043,-6.4108,9.0144,0.5468,-0.2158,-0.974,0.7775
2001-09,81.8,1133.58,1155.4,944.75,1040.9399,1044.644,1668352666.6667,-8.1723,22.2969,-0.1478,-0.2763,-10.6011,0.7975
2001-10,82.7,1040.9399,1110.61,1026.76,1059.78,1076.5904,1302229565.2174,1.8099,8.1665,-0.0834,-0.264,1.1002,0.7748
2001-11,83.9,1059.78,1163.38,1054.3101,1139.45,1129.6833,1253809523.8095,7.5176,10.3451,0.0026,-0.2119,1.451,0.8358
2001-12,88.8,1139.45,1173.62,1114.53,1148.08,1144.93,1256428500.0,0.7574,5.3018,0.3534,-0.2063,5.8403,0.8029
2002-01,93.0,1148.08,1176.97,1081.66,1130.2,1140.2076,1416485714.2857,-1.5574,8.8115,0.6542,-0.218,4.7297,0.6779
2002-02,90.7,1130.2,1130.2,1074.36,1106.73,1100.6689,1370926315.7895,-2.0766,5.1975,0.4895,-0.2333,-2.4731,0.6329
2002-03,95.7,1106.73,1173.9399,1106.73,1147.39,1153.791,1328160000.0,3.6739,6.0728,0.8475,-0.2067,5.5127,0.5609
2002-04,93.0,1147.39,1147.84,1063.46,1076.92,1112.0345,1298586363.6364,-6.1418,7.9345,0.6542,-0.2528,-2.8213,0.5489
2002-05,96.9,1076.92,1106.59,1048.96,1067.14,1079.2673,1222977272.7273,-0.9081,5.494,0.9335,-0.2592,4.1935,0.3577
2002-06,92.4,1067.14,1070.74,952.92,989.82,1014.048,1499075500.0,-7.2455,12.3641,0.6112,-0.3097,-4.644,0.181
2002-07,88.1,989.82,994.46,775.68,911.62,903.5855,1919487272.7273,-7.9004,28.2049,0.3033,-0.3608,-4.6537,0.1684
2002-08,87.6,911.62,965.0,833.44,916.07,912.5523,1331745454.5455,0.4881,15.7852,0.2675,-0.3578,-0.5675,0.1914
2002-09,86.1,916.07,924.02,800.2,815.28,867.812,1386185500.0,-11.0024,15.4736,0.1601,-0.4237,-1.7123,0.3039
2002-10,80.6,815.28,907.44,768.63,885.76,854.6313,1645926521.7391,8.6449,18.0594,-0.2337,-0.3776,-6.3879,0.5094
2002-11,84.2,885.76,941.82,872.05,936.31,909.927,1460048000.0,5.707,8.0007,0.024,-0.3446,4.4665,0.7168
2002-12,86.7,936.31,954.28,869.45,879.82,899.1786,1237792380.9524,-6.0333,9.7567,0.2031,-0.3815,2.9691,0.8052
2003-01,82.4,879.82,935.05,840.34,855.7,895.8362,1464265714.2857,-2.7415,11.2704,-0.1048,-0.3973,-4.9596,0.8235
2003-02,79.9,855.7,864.64,806.29,841.15,837.619,1328173684.2105,-1.7004,7.2369,-0.2839,-0.4068,-3.034,0.8647
2003-03,77.6,841.15,895.9,788.9,848.18,846.6214,1432382380.9524,0.8358,13.5632,-0.4486,-0.4022,-2.8786,0.8366
2003-04,86.0,848.18,924.24,847.85,916.92,890.0257,1412838571.4286,8.1044,9.0099,0.1529,-0.3573,10.8247,0.824
2003-05,92.1,916.92,965.38,902.83,963.59,935.9629,1473909523.8095,5.0899,6.9282,0.5897,-0.3268,7.093,0.7307
2003-06,89.7,963.59,1015.33,963.59,974.5,987.9952,1486638095.2381,1.1322,5.3695,0.4179,-0.3197,-2.6059,0.6856
2003-07,90.9,974.5,1015.41,962.1,990.31,992.5409,1434236363.6364,1.6224,5.541,0.5038,-0.3093,1.3378,0.7393
2003-08,89.3,990.31,1011.01,960.84,1008.01,989.5319,1184831904.7619,1.7873,5.2215,0.3892,-0.2978,-1.7602,0.7507
2003-09,87.7,1008.01,1040.29,990.36,995.97,1019.4419,1425719523.8095,-1.1944,5.0416,0.2747,-0.3057,-1.7917,0.8528
2003-10,89.6,995.97,1053.79,995.97,1050.71,1038.7343,1404282608.6957,5.4961,5.8054,0.4107,-0.2699,2.1665,0.8302
2003-11,93.7,1050.71,1063.65,1031.2,1058.2,1049.8989,1287537894.7368,0.7129,3.1468,0.7043,-0.265,4.5759,0.868
2003-12,92.6,1058.2,1112.5601,1053.41,1111.92,1080.6359,1265415000.0,5.0766,5.6151,0.6255,-0.2299,-1.174,0.8873
2004-01,103.8,1111.92,1155.38,1105.08,1131.13,1132.5175,1641000000.0,1.7276,4.5517,1.4275,-0.2174,12.095,0.8903
2004-02,94.4,1131.13,1158.98,1124.4399,1144.9399,1143.3563,1472926315.7895,1.2209,3.0718,0.7544,-0.2083,-9.0559,0.8395
2004-03,95.8,1144.9399,1163.23,1087.16,1126.21,1123.9782,1460778260.8696,-1.6359,6.9971,0.8547,-0.2206,1.4831,0.755
2004-04,94.2,1126.21,1150.5699,1107.23,1107.3,1133.0786,1505328571.4286,-1.6791,3.9143,0.7401,-0.2329,-1.6701,0.6944
2004-05,90.2,1107.3,1127.74,1076.3199,1120.6801,1102.7815,1466320000.0,1.2083,4.7774,0.4537,-0.2242,-4.2463,0.6597
2004-06,95.6,1120.6801,1146.34,1113.3199,1140.84,1132.7572,1310928571.4286,1.7989,2.9659,0.8404,-0.211,5.9867,0.6612
2004-07,96.7,1140.84,1140.84,1078.78,1101.72,1105.8467,1394552380.9524,-3.4291,5.7528,0.9191,-0.2366,1.1506,0.6715
2004-08,95.9,1101.72,1109.6801,1060.72,1104.24,1088.935,1208490909.0909,0.2287,4.6157,0.8618,-0.2349,-0.8273,0.6244
2004-09,94.2,1104.24,1131.54,1099.1801,1114.58,1117.6562,1277612857.1429,0.9364,2.944,0.7401,-0.2282,-1.7727,0.4383
2004-10,91.7,1114.58,1142.05,1090.29,1130.2,1118.0681,1500523809.5238,1.4014,4.7474,0.5611,-0.218,-2.6539,0.1501
2004-11,92.8,1130.2,1188.46,1127.6,1173.8199,1168.9376,1450489523.8095,3.8595,5.3973,0.6399,-0.1895,1.1996,-0.0703
2004-12,97.1,1173.78,1217.33,1173.78,1211.92,1199.2095,1413750000.0,3.2458,3.7102,0.9478,-0.1646,4.6336,0.0623
2005-01,95.5,1211.92,1217.8,1163.75,1181.27,1181.408,1574940000.0,-2.529,4.6445,0.8332,-0.1846,-1.6478,0.1876
2005-02,94.1,1181.27,1212.4399,1180.95,1203.6,1199.6268,1541968947.3684,1.8903,2.6665,0.733,-0.17,-1.466,0.1368
2005-03,92.6,1203.6,1229.11,1163.6899,1180.59,1194.8977,1773370454.5455,-1.9118,5.6218,0.6255,-0.185,-1.594,0.0954
2005-04,87.7,1180.59,1191.88,1136.15,1156.85,1164.4276,2067822380.9524,-2.0109,4.9052,0.2747,-0.2006,-5.2916,0.0456
2005-05,86.9,1156.85,1199.5601,1146.1801,1191.5,1178.2757,1872475714.2857,2.9952,4.6572,0.2174,-0.1779,-0.9122,-0.2166
2005-06,96.0,1191.5,1219.59,1188.3,1191.33,1202.2532,1833365454.5455,-0.0143,2.6332,0.869,-0.178,10.4718,-0.1255
2005-07,96.5,1191.33,1245.15,1183.55,1234.1801,1222.237,1873233500.0,3.5968,5.2047,0.9048,-0.15,0.5208,0.1662
2005-08,89.1,1234.1801,1245.86,1201.0699,1220.33,1224.27,1827395217.3913,-1.1222,3.7292,0.3749,-0.1591,-7.6684,0.2038
2005-09,76.9,1220.33,1243.13,1205.35,1228.8101,1225.9148,2132262380.9524,0.6949,3.1344,-0.4987,-0.1535,-13.6925,-0.1114
2005-10,74.2,1228.8101,1233.34,1168.2,1207.01,1191.9643,2371132857.1429,-1.7741,5.5761,-0.692,-0.1678,-3.5111,-0.1746
2005-11,81.6,1207.01,1270.64,1201.0699,1249.48,1237.3686,2147755714.2857,3.5186,5.7923,-0.1621,-0.14,9.973,-0.2763
2005-12,91.5,1249.48,1275.8,1246.59,1248.29,1262.0719,1988387142.8571,-0.0952,2.3432,0.5468,-0.1408,12.1324,-0.2332
2006-01,91.2,1248.29,1294.9,1245.74,1280.08,1278.7225,2460582500.0,2.5467,3.9463,0.5253,-0.1201,-0.3279,-0.0536
2006-02,86.7,1280.08,1297.5699,1253.61,1280.66,1276.6453,2255786315.7895,0.0453,3.5067,0.2031,-0.1197,-4.9342,-0.0409
2006-03,88.9,1280.66,1310.88,1268.42,1294.87,1293.7348,2213262608.6957,1.1096,3.3475,0.3606,-0.1104,2.5375,0.0706
2006-04,87.4,1302.88,1318.16,1280.74,1310.61,1302.1653,2279391052.6316,1.2156,2.9218,0.2532,-0.1001,-1.6873,0.089
2006-05,79.1,1310.61,1326.7,1245.34,1270.09,1290.0136,2468765000.0,-3.0917,6.5332,-0.3411,-0.1266,-9.4966,0.032
2006-06,84.9,1270.05,1290.6801,1219.29,1270.2,1253.1682,2494239090.9091,0.0087,5.855,0.0742,-0.1265,7.3325,0.3046
2006-07,84.7,1270.0601,1280.42,1224.54,1276.66,1260.2345,2317411000.0,0.5086,4.5633,0.0598,-0.1223,-0.2356,0.5074
2006-08,82.0,1278.53,1306.74,1261.3,1303.8199,1287.1496,2195026956.5217,2.1274,3.6026,-0.1335,-0.1045,-3.1877,0.5954
2006-09,85.4,1303.8,1340.28,1290.9301,1335.85,1317.743,2450072000.0,2.4566,3.8228,0.11,-0.0836,4.1463,0.4482
2006-10,93.6,1335.8199,1389.45,1327.1,1377.9399,1363.3773,2581528181.8182,3.1508,4.6982,0.6971,-0.0561,9.6019,0.3879
2006-11,92.1,1377.76,1407.89,1360.98,1400.63,1388.6348,2635425238.0952,1.6467,3.4468,0.5897,-0.0413,-1.6026,0.4409
2006-12,91.7,1400.63,1431.8101,1385.9301,1418.3,1416.42,2378939000.0,1.2616,3.3104,0.5611,-0.0298,-0.4343,0.6701
2007-01,96.9,1418.03,1441.61,1403.97,1438.24,1424.161,2834310000.0,1.4059,2.681,0.9335,-0.0167,5.6707,0.851
2007-02,91.3,1437.9,1461.5699,1389.42,1406.8199,1444.7947,2728683684.2105,-2.1846,5.1928,0.5325,-0.0373,-5.7792,0.8652
2007-03,88.4,1406.8,1438.89,1363.98,1420.86,1406.9518,3073738636.3636,0.998,5.492,0.3248,-0.0281,-3.1763,0.8562
2007-04,87.1,1420.83,1498.02,1416.37,1482.37,1463.6405,2851623500.0,4.3291,5.7647,0.2317,0.0121,-1.4706,0.7193
2007-05,88.3,1482.37,1535.5601,1476.7,1530.62,1511.1368,2952638636.3636,3.2549,3.9859,0.3176,0.0436,1.3777,0.5117
2007-06,85.3,1530.62,1540.5601,1484.1801,1503.35,1514.4895,3110609523.8095,-1.7816,3.7987,0.1028,0.0258,-3.3975,0.2931
2007-07,90.4,1504.66,1555.9,1454.25,1455.27,1520.7048,3349401428.5714,-3.1982,6.9899,0.468,-0.0056,5.9789,0.1695
2007-08,83.4,1455.1801,1503.89,1370.6,1473.99,1454.617,3973120000.0,1.2864,9.7249,-0.0332,0.0066,-7.7434,-0.2956
2007-09,83.4,1473.96,1538.74,1439.29,1526.75,1497.1163,3042615789.4737,3.5794,6.9097,-0.0332,0.0411,0.0,-0.7076
2007-10,80.9,1527.29,1576.09,1489.5601,1549.38,1539.6587,3305329565.2174,1.4822,5.8091,-0.2123,0.0559,-2.9976,-0.7499
2007-11,76.1,1545.79,1545.79,1406.1,1481.14,1463.3852,4106997619.0476,-4.4043,9.9346,-0.556,0.0113,-5.9333,-0.6034
2007-12,75.5,1479.63,1523.5699,1435.65,1468.36,1479.2235,3241083500.0,-0.8629,6.124,-0.5989,0.0029,-0.7884,-0.4471
2008-01,78.4,1467.97,1471.77,1270.05,1378.55,1378.7638,4689301904.7619,-6.1163,15.8828,-0.3913,-0.0557,3.8411,-0.0897
2008-02,70.8,1378.6,1396.02,1316.75,1330.63,1354.8725,3926806500.0,-3.4761,6.0201,-0.9355,-0.087,-9.6939,0.4589
2008-03,69.5,1330.45,1359.6801,1256.98,1322.7,1316.943,4659458500.0,-0.596,8.1704,-1.0286,-0.0922,-1.8362,0.6988
2008-04,62.6,1326.41,1404.5699,1324.35,1385.59,1370.4691,3908119545.4545,4.7547,6.0573,-1.5227,-0.0511,-9.9281,0.6968
2008-05,59.8,1385.97,1440.24,1373.0699,1400.38,1403.2176,3856689523.8095,1.0674,4.892,-1.7232,-0.0415,-4.4728,0.6286
2008-06,56.4,1399.62,1404.05,1272.0,1280.0,1341.251,4600668571.4286,-8.5962,10.3813,-1.9666,-0.1201,-5.6856,0.7086
2008-07,61.2,1276.6899,1292.17,1200.4399,1267.38,1257.3264,5680935000.0,-0.9859,7.6414,-1.6229,-0.1284,8.5106,0.7824
2008-08,63.0,1269.42,1313.15,1247.45,1282.83,1281.4724,4107905238.0952,1.219,5.2668,-1.494,-0.1183,2.9412,0.787
2008-09,70.3,1287.83,1303.04,1106.42,1166.36,1217.0229,6667015238.0952,-9.0791,17.7708,-0.9713,-0.1943,11.5873,0.5648
2008-10,57.6,1164.17,1167.03,839.8,968.75,968.8009,6948827391.3043,-16.9425,38.9652,-1.8807,-0.3234,-18.0654,0.5326
2008-11,55.3,968.67,1007.51,741.02,896.24,883.0405,6087379473.6842,-7.4849,35.9626,-2.0454,-0.3708,-3.9931,0.575
2008-12,60.1,888.61,918.85,815.69,903.25,877.5618,5131112272.7273,0.7822,12.647,-1.7017,-0.3662,8.6799,0.5013
2009-01,61.2,902.99,943.85,804.3,825.88,865.5755,5604532000.0,-8.5657,17.3505,-1.6229,-0.4168,1.8303,0.4139
2009-02,56.3,823.09,875.01,734.52,735.09,805.2274,6552221578.9474,-10.9931,19.1268,-1.9738,-0.4761,-8.0065,0.4451
2009-03,57.3,729.57,832.98,666.79,797.87,757.1268,7356529090.9091,8.5404,24.9239,-1.9022,-0.4351,1.7762,0.4132
2009-04,65.1,793.59,888.7,783.32,872.81,848.1519,6612158095.2381,9.3925,13.453,-1.3436,-0.3861,13.6126,0.2651
2009-05,68.7,872.74,930.17,866.1,919.14,902.4085,6580747000.0,5.3081,7.3975,-1.0859,-0.3558,5.53,0.2277
2009-06,70.8,923.26,956.23,888.86,919.32,926.115,5120597727.2727,0.0196,7.5794,-0.9355,-0.3557,3.0568,0.3287
2009-07,66.0,920.82,996.68,869.32,987.48,935.8214,4847081363.6364,7.4142,14.6505,-1.2792,-0.3112,-6.7797,0.4368
2009-08,65.7,990.22,1039.47,978.51,1020.62,1009.7248,5526631904.7619,3.356,6.2299,-1.3007,-0.2895,-0.4545,0.6121
2009-09,73.5,1019.52,1080.15,991.97,1057.08,1044.5524,5347404285.7143,3.5723,8.8894,-0.7421,-0.2657,11.8721,0.6295
2009-10,70.6,1054.91,1101.36,1019.95,1036.1899,1067.6636,5155045000.0,-1.9762,7.9818,-0.9498,-0.2794,-3.9456,0.7665
2009-11,67.4,1036.1801,1113.6899,1029.38,1095.63,1088.069,4249076500.0,5.7364,8.1904,-1.1789,-0.2405,-4.5326,0.7908
2009-12,72.5,1098.89,1130.38,1085.89,1115.1,1110.3777,4068878636.3636,1.7771,4.0971,-0.8138,-0.2278,7.5668,0.8322
2010-01,74.4,1116.5601,1150.45,1071.59,1073.87,1123.5816,4786714736.8421,-3.6974,7.3592,-0.6777,-0.2548,2.6207,0.8297
2010-02,73.6,1073.89,1112.42,1044.5,1104.49,1089.16,4450596842.1053,2.8514,6.5026,-0.735,-0.2348,-1.0753,0.7589
2010-03,73.6,1105.36,1180.6899,1105.36,1169.4301,1152.0487,4507980434.7826,5.8796,6.815,-0.735,-0.1923,0.0,0.6204
2010-04,72.2,1171.23,1219.8,1170.6899,1186.6899,1197.3162,5559138571.4286,1.4759,4.195,-0.8352,-0.1811,-1.9022,0.5011
2010-05,73.6,1188.58,1205.13,1040.78,1089.41,1125.062,6383139000.0,-8.1976,15.791,-0.735,-0.2446,1.9391,0.4721
2010-06,76.0,1087.3,1131.23,1028.33,1030.71,1083.3609,5004852272.7273,-5.3882,10.0065,-0.5631,-0.283,3.2609,0.4091
2010-07,67.8,1031.1,1120.95,1010.91,1101.6,1079.8033,4513243333.3333,6.8778,10.8852,-1.1503,-0.2366,-10.7895,0.1627
2010-08,68.9,1107.53,1129.24,1039.7,1049.33,1087.2823,3897193181.8182,-4.7449,8.6121,-1.0715,-0.2708,1.6224,-0.012
2010-09,68.2,1049.72,1157.16,1049.72,1141.2,1122.0819,3789973809.5238,8.7551,10.2351,-1.1217,-0.2108,-1.016,-0.0723
2010-10,67.7,1143.49,1196.14,1131.87,1183.26,1171.5838,4263631904.7619,3.6856,5.6782,-1.1575,-0.1833,-0.7331,-0.2703
2010-11,71.6,1185.71,1227.08,1173.0,1180.55,1198.8886,4150050952.381,-0.229,4.6104,-0.8782,-0.1851,5.7607,-0.3203
2010-12,74.5,1186.6,1262.6,1186.6,1257.64,1241.5255,3681115000.0,6.53,6.4049,-0.6705,-0.1347,4.0503,-0.0761
2011-01,74.2,1257.62,1302.67,1257.62,1286.12,1282.6185,4608247000.0,2.2646,3.5822,-0.692,-0.1161,-0.4027,0.1396
2011-02,77.5,1289.14,1344.0699,1289.14,1327.22,1321.1179,3117034736.8421,3.1957,4.261,-0.4557,-0.0893,4.4474,0.4075
2011-03,67.5,1328.64,1332.28,1249.05,1325.83,1304.4865,3891636521.7391,-0.1047,6.6635,-1.1718,-0.0902,-12.9032,0.1766
2011-04,69.8,1329.48,1364.5601,1294.7,1363.61,1331.505,3868240500.0,2.8495,5.3959,-1.0071,-0.0655,3.4074,0.088
2011-05,74.3,1365.21,1370.58,1311.8,1345.2,1338.3105,3890903809.5238,-1.3501,4.4809,-0.6849,-0.0775,6.447,0.2217
2011-06,71.5,1345.2,1345.2,1258.0699,1320.64,1287.2886,3914669545.4545,-1.8257,6.9257,-0.8854,-0.0936,-3.7685,0.5119
2011-07,63.7,1320.64,1356.48,1282.86,1292.28,1325.1845,4055108500.0,-2.1474,5.7387,-1.4439,-0.1121,-10.9091,0.2916
2011-08,55.8,1292.59,1307.38,1101.54,1218.89,1185.3057,4713876956.5217,-5.6791,18.6866,-2.0096,-0.16,-12.4019,0.332
2011-09,59.5,1219.12,1229.29,1114.22,1131.42,1173.8791,4894610476.1905,-7.1762,10.3274,-1.7446,-0.2172,6.6308,0.5162
2011-10,60.8,1131.21,1292.66,1074.77,1253.3,1207.2162,4669698571.4286,10.7723,20.2732,-1.6516,-0.1376,2.1849,0.5301
2011-11,63.7,1251.0,1277.55,1158.66,1246.96,1226.4148,4013097619.0476,-0.5059,10.261,-1.4439,-0.1417,4.7697,0.6713
2011-12,69.9,1246.91,1269.37,1202.37,1257.6,1243.3228,3559163333.3333,0.8533,5.5723,-0.9999,-0.1347,9.7331,0.7223
2012-01,75.0,1258.86,1333.47,1258.86,1312.41,1300.578,3978378000.0,4.3583,5.9268,-0.6347,-0.0989,7.2961,0.749
2012-02,75.3,1312.45,1378.04,1312.45,1365.6801,1352.4875,3919285500.0,4.0589,4.9975,-0.6133,-0.0641,0.4,0.7871
2012-03,76.2,1365.9,1419.15,1340.03,1408.47,1389.24,3813620909.0909,3.1332,5.9043,-0.5488,-0.0362,1.1952,0.8285
2012-04,76.4,1408.47,1422.38,1357.38,1397.91,1386.429,3738085500.0,-0.7497,4.7886,-0.5345,-0.0431,0.2625,0.8627
2012-05,79.3,1397.86,1415.3199,1291.98,1310.33,1341.2727,3950931363.6364,-6.2651,9.5466,-0.3268,-0.1003,3.7958,0.8069
2012-06,73.2,1309.87,1363.46,1266.74,1362.16,1323.4843,3884878095.2381,3.9555,7.6353,-0.7636,-0.0664,-7.6923,0.8093
2012-07,72.3,1362.33,1391.74,1325.41,1379.3199,1359.7762,3481133809.5238,1.2598,5.0045,-0.8281,-0.0552,-1.2295,0.8157
2012-08,74.3,1379.3199,1426.6801,1354.65,1406.58,1403.4483,3055817826.087,1.9763,5.3172,-0.6849,-0.0374,2.7663,0.8074
2012-09,78.3,1406.54,1474.51,1396.5601,1440.67,1443.4195,3672856842.1053,2.4236,5.5816,-0.3984,-0.0152,5.3836,0.728
2012-10,82.6,1440.9,1470.96,1403.28,1412.16,1437.8167,3416777142.8571,-1.9789,4.823,-0.0905,-0.0338,5.4917,0.6812
2012-11,82.7,1412.2,1434.27,1343.35,1416.1801,1394.5124,3404252857.1429,0.2847,6.7682,-0.0834,-0.0312,0.1211,0.5335
2012-12,72.9,1416.34,1448.0,1398.11,1426.1899,1422.2855,3319409000.0,0.7068,3.5684,-0.7851,-0.0246,-11.8501,0.1696
2013-01,73.8,1426.1899,1509.9399,1426.1899,1498.11,1480.3952,3611833809.5238,5.0428,5.8723,-0.7207,0.0224,1.2346,-0.0685
2013-02,77.6,1498.11,1530.9399,1485.01,1514.6801,1512.3116,3645972631.5789,1.1061,3.0929,-0.4486,0.0332,5.1491,-0.0298
2013-03,78.6,1514.6801,1570.28,1501.48,1569.1899,1550.829,3426355500.0,3.5988,4.5821,-0.377,0.0688,1.2887,0.0729
2013-04,76.4,1569.1801,1597.5699,1536.03,1597.5699,1570.7023,3504454545.4545,1.8086,4.0064,-0.5345,0.0873,-2.799,0.035
2013-05,84.5,1597.55,1687.1801,1581.28,1630.74,1639.8427,3474875000.0,2.0763,6.6971,0.0455,0.109,10.6021,0.4206
2013-06,84.1,1631.71,1654.1899,1560.33,1606.28,1618.7725,3747339500.0,-1.4999,6.0154,0.0169,0.093,-0.4734,0.4562
2013-07,85.1,1609.78,1698.78,1604.5699,1685.73,1668.6754,3095764545.4545,4.9462,5.8714,0.0885,0.1449,1.1891,0.4927
2013-08,82.1,1689.42,1709.67,1627.47,1632.97,1670.0936,2945582272.7273,-3.1298,5.0508,-0.1263,0.1105,-3.5253,0.4459
2013-09,77.5,1635.95,1729.86,1633.41,1681.55,1687.1735,3308720500.0,2.975,5.9048,-0.4557,0.1422,-5.6029,0.3238
2013-10,73.2,1682.41,1775.22,1646.47,1756.54,1720.0265,3332495652.1739,4.4596,7.8198,-0.7636,0.1912,-5.5484,0.1634
2013-11,75.1,1758.7,1813.55,1746.2,1805.8101,1783.541,3181409500.0,2.8049,3.857,-0.6276,0.2234,2.5956,0.1576
2013-12,82.5,1806.55,1849.4399,1767.99,1848.36,1807.7752,3093277142.8571,2.3563,4.6069,-0.0977,0.2512,9.8535,0.0779
2014-01,81.2,1845.86,1850.84,1770.45,1782.59,1822.3567,3612948095.2381,-3.5583,4.5407,-0.1908,0.2082,-1.5758,-0.0781
2014-02,81.6,1782.6801,1867.92,1737.92,1859.45,1817.0347,3669767894.7368,4.3117,7.4802,-0.1621,0.2584,0.4926,-0.1133
2014-03,80.0,1857.6801,1883.97,1834.4399,1872.34,1863.5233,3423096666.6667,0.6932,2.7,-0.2767,0.2668,-1.9608,-0.1751
2014-04,84.1,1873.96,1897.28,1814.36,1883.95,1864.2633,3409324285.7143,0.6201,4.5702,0.0169,0.2744,5.125,-0.2035
2014-05,81.9,1884.39,1924.03,1859.79,1923.5699,1889.7671,3029696666.6667,2.103,3.4542,-0.1406,0.3003,-2.6159,-0.0487
2014-06,82.5,1923.87,1968.17,1915.98,1960.23,1947.0876,3013494285.7143,1.9058,2.7239,-0.0977,0.3242,0.7326,0.1868
2014-07,81.8,1962.29,1991.39,1930.67,1930.67,1973.1,3023849545.4545,-1.508,3.145,-0.1478,0.3049,-0.8485,0.4178
2014-08,82.5,1929.8,2005.04,1904.78,2003.37,1961.5319,2768149523.8095,3.7655,5.2636,-0.0977,0.3524,0.8557,0.6731
2014-09,84.6,2004.0699,2019.26,1964.04,1972.29,1993.2262,3176476190.4762,-1.5514,2.8116,0.0527,0.3321,2.5455,0.7088
2014-10,86.9,1971.4399,2018.1899,1820.66,2018.05,1937.2744,4074523478.2609,2.3201,10.8494,0.2174,0.362,2.7187,0.6767
2014-11,88.8,2018.21,2075.76,2001.01,2067.5601,2044.5721,3347378421.0526,2.4534,3.7356,0.3534,0.3944,2.1864,0.75
2014-12,93.6,2065.78,2093.55,1972.5601,2058.8999,2054.2664,3670173636.3636,-0.4189,6.1337,0.6971,0.3887,5.4054,0.7665
2015-01,98.1,2058.8999,2072.3601,1988.12,1994.99,2028.1785,3866502000.0,-3.1041,4.2372,1.0194,0.347,4.8077,0.6546
2015-02,95.4,1996.67,2119.5901,1980.9,2104.5,2082.1958,3619766315.7895,5.4893,7.0014,0.826,0.4185,-2.7523,0.7224
2015-03,93.0,2105.23,2117.52,2039.6899,2067.8899,2079.9904,3485265909.0909,-1.7396,3.8158,0.6542,0.3946,-2.5157,0.7033
2015-04,95.9,2067.6299,2125.9199,2048.3799,2085.51,2094.8628,3431473333.3333,0.8521,3.7854,0.8618,0.4061,3.1183,0.7582
2015-05,90.7,2087.3799,2134.72,2067.9299,2107.3899,2111.9435,3259386500.0,1.0491,3.2298,0.4895,0.4204,-5.4223,0.6813
2015-06,96.1,2108.6399,2129.8701,2056.3201,2063.1101,2099.2837,3327908181.8182,-2.1012,3.5768,0.8762,0.3915,5.9537,0.6337
2015-07,93.1,2067.0,2132.8201,2044.02,2103.8401,2094.1436,3541845000.0,1.9742,4.3444,0.6613,0.4181,-3.1217,0.4829
2015-08,91.9,2104.49,2112.6599,1867.01,1972.1801,2039.8662,4029847142.8571,-6.2581,13.1574,0.5754,0.3321,-1.2889,0.3373
2015-09,87.2,1970.09,2020.86,1871.91,1920.03,1944.4024,3809017619.0476,-2.6443,7.9571,0.2389,0.298,-5.1143,0.3499
2015-10,90.0,1919.65,2094.3201,1893.7,2079.3601,2024.8127,3902040909.0909,8.2983,10.5941,0.4394,0.4021,3.211,0.2634
2015-11,91.3,2080.76,2116.48,2019.39,2080.4099,2080.6165,3797179500.0,0.0505,4.8079,0.5325,0.4028,1.4444,0.2875
2015-12,92.6,2082.9299,2104.27,1993.26,2043.9399,2054.0796,3802239090.9091,-1.753,5.5693,0.6255,0.3789,1.4239,0.2874
2016-01,92.0,2038.2,2038.2,1812.29,1940.24,1918.5979,4863672105.2632,-5.0735,12.4654,0.5826,0.3112,-0.6479,0.5045
2016-02,91.7,1936.9399,1962.96,1810.1,1932.23,1904.4185,4652478000.0,-0.4128,8.4448,0.5611,0.306,-0.3261,0.4286
2016-03,91.0,1937.09,2072.21,1937.09,2059.74,2021.9541,4210882727.2727,6.5991,6.9754,0.511,0.3893,-0.7634,0.3968
2016-04,89.0,2056.6201,2111.05,2033.8,2065.3,2075.5352,3863094761.9048,0.2699,3.7983,0.3678,0.3929,-2.1978,0.2522
2016-05,94.7,2067.1699,2103.48,2025.91,2096.95,2065.5505,3756361904.7619,1.5325,3.8289,0.7759,0.4136,6.4045,0.3904
2016-06,93.5,2093.9399,2120.55,1991.6801,2098.8601,2083.8914,3947850000.0,0.0911,6.4704,0.69,0.4148,-1.2672,0.4312
2016-07,90.0,2099.3401,2177.0901,2074.02,2173.6001,2148.902,3476512500.0,3.561,4.9696,0.4394,0.4636,-3.7433,0.2141
2016-08,89.8,2173.1499,2193.8101,2147.5801,2170.95,2177.4822,3287404782.6087,-0.1219,2.1527,0.425,0.4619,-0.2222,0.1386
2016-09,91.2,2171.3301,2187.8701,2119.1201,2168.27,2157.691,3667791428.5714,-0.1234,3.2443,0.5253,0.4601,1.559,-0.2286
2016-10,87.2,2164.3301,2169.6001,2114.72,2126.1499,2143.0209,3472168095.2381,-1.9426,2.5951,0.2389,0.4326,-4.386,-0.293
2016-11,93.8,2128.6799,2214.1001,2083.79,2198.8101,2164.9857,4211684761.9048,3.4175,6.2535,0.7115,0.4801,7.5688,-0.1124
2016-12,98.2,2200.1699,2277.53,2187.4399,2238.8301,2246.629,3587835714.2857,1.8201,4.1185,1.0265,0.5062,4.6908,0.2444
2017-01,98.5,2251.5701,2300.99,2245.1299,2278.8701,2275.116,3528821000.0,1.7884,2.4881,1.048,0.5324,0.3055,0.4916
2017-02,96.3,2285.5901,2371.54,2271.6499,2363.6399,2329.9105,3645312631.5789,3.7198,4.3973,0.8905,0.5878,-2.2335,0.6416
2017-03,96.9,2380.1299,2400.98,2322.25,2362.72,2366.8222,3550609130.4348,-0.0389,3.3902,0.9335,0.5872,0.6231,0.6764
2017-04,97.0,2362.3401,2398.1599,2328.95,2384.2,2359.3095,3440518947.3684,0.9091,2.9717,0.9406,0.6012,0.1032,0.6523
2017-05,97.1,2388.5,2418.71,2352.72,2411.8,2395.3459,3623611818.1818,1.1576,2.8048,0.9478,0.6192,0.1031,0.7433
2017-06,95.0,2415.6499,2453.8201,2405.7,2423.4099,2433.9855,3685400454.5455,0.4814,2.0003,0.7974,0.6268,-2.1627,0.748
2017-07,93.4,2431.3899,2484.04,2407.7,2470.3,2454.1025,3167404500.0,1.9349,3.1707,0.6828,0.6574,-1.6842,0.5909
2017-08,96.8,2477.1001,2490.8701,2417.3501,2471.6499,2456.2231,3077604347.8261,0.0546,3.0413,0.9263,0.6583,3.6403,0.5386
2017-09,95.1,2474.4199,2519.4399,2446.55,2519.3601,2492.841,3331206000.0,1.9303,2.9793,0.8046,0.6895,-1.7562,0.3937
2017-10,100.7,2521.2,2582.98,2520.3999,2575.26,2556.9973,3231297727.2727,2.2188,2.4829,1.2056,0.726,5.8885,0.1427
2017-11,98.5,2583.21,2657.74,2557.45,2647.5801,2593.6057,3496045714.2857,2.8083,3.9215,1.048,0.7733,-2.1847,0.06
2017-12,95.9,2645.1001,2694.97,2605.52,2673.6101,2664.3405,3276585000.0,0.9832,3.4331,0.8618,0.7903,-2.6396,0.0832
2018-01,95.7,2683.73,2872.8701,2682.3601,2823.8101,2789.8038,3681842380.9524,5.6179,7.1023,0.8475,0.8884,-0.2086,0.0949
2018-02,99.7,2816.45,2835.96,2532.6899,2713.8301,2705.1552,4207051052.6316,-3.8947,11.9742,1.1339,0.8165,4.1797,0.2373
2018-03,101.4,2715.22,2801.8999,2585.8899,2640.8701,2702.7738,3657328095.2381,-2.6884,8.3534,1.2557,0.7689,1.7051,0.3128
2018-04,98.8,2633.45,2717.49,2553.8,2648.05,2653.6252,3342604761.9048,0.2719,6.4097,1.0695,0.7736,-2.5641,0.3508
2018-05,98.0,2642.96,2742.24,2594.6201,2705.27,2701.4936,3455082727.2727,2.1608,5.6895,1.0122,0.8109,-0.8097,0.3792
2018-06,98.2,2718.7,2791.47,2691.99,2718.3701,2754.3529,3709112380.9524,0.4842,3.6954,1.0265,0.8195,0.2041,0.284
2018-07,97.9,2704.95,2848.03,2698.95,2816.29,2793.6434,3090395238.0952,3.6022,5.5236,1.0051,0.8835,-0.3055,0.002
2018-08,96.2,2821.1699,2916.5,2796.3401,2901.52,2857.8204,3022742173.913,3.0263,4.297,0.8833,0.9391,-1.7365,-0.2774
2018-09,100.1,2896.96,2940.9099,2864.1201,2913.98,2901.5005,3317447894.7368,0.4294,2.6811,1.1626,0.9473,4.0541,-0.4042
2018-10,98.6,2926.29,2939.8601,2603.54,2711.74,2785.4648,3996999130.4348,-6.9403,12.9178,1.0552,0.8152,-1.4985,-0.2829
2018-11,97.5,2717.5801,2815.1499,2631.0901,2760.1699,2723.2314,3839048571.4286,1.7859,6.9956,0.9764,0.8468,-1.1156,-0.284
2018-12,98.3,2790.5,2800.1799,2346.5801,2506.8501,2567.3074,4429588421.0526,-9.1777,19.3303,1.0337,0.6813,0.8205,-0.3397
2019-01,91.2,2476.96,2708.95,2443.96,2704.1001,2607.39,3850470000.0,7.8684,10.8426,0.5253,0.8102,-7.2228,-0.0794
2019-02,93.8,2702.3201,2813.49,2681.8301,2784.49,2754.8642,3717830000.0,2.9729,4.9093,0.7115,0.8627,2.8509,-0.1246
2019-03,98.4,2798.22,2860.3101,2722.27,2834.3999,2803.9838,3769507619.0476,1.7924,5.0708,1.0409,0.8953,4.9041,0.0267
2019-04,97.2,2848.6299,2949.52,2848.6299,2945.8301,2903.8,3337636666.6667,3.9313,3.5417,0.9549,0.9681,-1.2195,0.0847
2019-05,100.0,2952.3301,2954.1299,2750.52,2752.0601,2854.7059,3511397272.7273,-6.5778,7.4026,1.1554,0.8415,2.8807,0.0776
2019-06,98.2,2751.53,2964.1499,2728.8101,2941.76,2890.166,3562531500.0,6.893,8.6243,1.0265,0.9654,-1.8,0.1318
2019-07,98.4,2971.4099,3027.98,2952.22,2980.3799,2996.1136,3209066818.1818,1.3128,2.5662,1.0409,0.9907,0.2037,0.1692
2019-08,89.8,2980.3201,3013.5901,2822.1201,2926.46,2897.4505,3648600909.0909,-1.8092,6.7846,0.425,0.9554,-8.7398,-0.0204
2019-09,93.2,2909.01,3021.99,2891.8501,2976.74,2982.156,3708949000.0,1.7181,4.5002,0.6685,0.9883,3.7862,-0.1884
2019-10,95.5,2983.6899,3050.1001,2855.9399,3037.5601,2977.6752,3379158260.8696,2.0432,6.7985,0.8332,1.028,2.4678,-0.1486
2019-11,96.8,3050.72,3154.26,3050.72,3140.98,3104.9045,3620531000.0,3.4047,3.394,0.9263,1.0956,1.3613,-0.0663
2019-12,99.3,3143.8501,3247.9299,3070.3301,3230.78,3176.7495,3444073333.3333,2.859,5.7844,1.1053,1.1542,2.5826,0.2898
2020-01,99.8,3244.6699,3337.77,3214.6399,3225.52,3278.2029,3680380000.0,-0.1628,3.8303,1.1411,1.1508,0.5035,0.2319
2020-02,101.0,3235.6599,3393.52,2855.8401,2954.22,3277.3142,4444031052.6316,-8.411,18.8274,1.227,0.9736,1.2024,0.0882
2020-03,89.1,2974.28,3136.72,2191.8601,2584.5901,2652.3936,7372062727.2727,-12.5119,43.1077,0.3749,0.7321,-11.7822,0.4814
2020-04,71.8,2498.0801,2954.8601,2447.49,2912.4299,2761.9752,5886102857.1429,12.6844,20.7302,-0.8639,0.9463,-19.4164,0.3226
2020-05,72.3,2869.0901,3068.6699,2766.6399,3044.3101,2919.6085,5356759500.0,4.5282,10.9169,-0.8281,1.0324,0.6964,0.2957
2020-06,78.1,3038.78,3233.1299,2965.6599,3100.29,3104.6609,5975403636.3636,1.8388,9.0189,-0.4128,1.069,8.0221,0.2353
2020-07,72.5,3105.9199,3279.99,3101.1699,3271.1201,3207.6191,4405824090.9091,5.5101,5.7662,-0.8138,1.1806,-7.1703,0.0383
2020-08,74.1,3288.26,3514.77,3284.53,3500.3101,3391.71,3926977142.8571,7.0065,7.0098,-0.6992,1.3303,2.2069,-0.1581
2020-09,80.4,3507.4399,3588.1101,3209.45,3363.0,3365.5167,4395751428.5714,-3.9228,11.7983,-0.2481,1.2406,8.502,-0.1759
2020-10,81.8,3385.8701,3549.8501,3233.9399,3269.96,3418.7,4088135454.5455,-2.7666,9.7686,-0.1478,1.1798,1.7413,-0.1676
2020-11,76.9,3296.2,3645.99,3279.74,3621.6299,3548.9925,5062359000.0,10.7546,11.167,-0.4987,1.4095,-5.9902,-0.2407
2020-12,80.7,3645.8701,3760.2,3633.3999,3756.0701,3695.31,4380712727.2727,3.7121,3.4898,-0.2266,1.4974,4.9415,-0.2724
2021-01,79.0,3764.6101,3870.8999,3662.71,3714.24,3793.7484,5585147368.4211,-1.1137,5.684,-0.3483,1.47,-2.1066,-0.3206
2021-02,76.8,3731.1699,3950.4299,3725.6201,3811.1499,3883.4321,5214858947.3684,2.6091,6.0342,-0.5058,1.5333,-2.7848,-0.1924
2021-03,84.9,3842.51,3994.4099,3723.3401,3972.8899,3910.5083,5320484782.6087,4.2439,7.2803,0.0742,1.639,10.5469,0.618
2021-04,88.3,3992.78,4218.7798,3992.78,4181.1699,4141.1762,3958290000.0,5.2425,5.6602,0.3176,1.7751,4.0047,0.6844
2021-05,82.9,4191.98,4238.04,4056.8799,4204.1099,4167.8495,4416093000.0,0.5486,4.4655,-0.069,1.79,-6.1155,0.6285
2021-06,85.5,4216.52,4302.4302,4164.3999,4297.5,4238.4895,4661099090.9091,2.2214,3.3145,0.1171,1.8511,3.1363,0.7076
2021-07,81.2,4300.73,4429.9702,4233.1299,4395.2598,4363.7128,4012172380.9524,2.2748,4.65,-0.1908,1.9149,-5.0292,0.5646
2021-08,70.3,4406.8599,4537.3599,4367.73,4522.6802,4453.9659,3659125454.5455,2.899,3.8837,-0.9713,1.9982,-13.4236,-0.0013
2021-09,72.8,4528.7998,4545.8501,4305.9102,4307.54,4445.5433,4072802857.1429,-4.7569,5.5723,-0.7923,1.8576,3.5562,-0.122
2021-10,71.7,4317.1602,4608.0801,4278.9399,4605.3799,4460.7071,3821600000.0,6.9144,7.6921,-0.871,2.0522,-1.511,-0.2528
2021-11,67.4,4610.6201,4743.8301,4560.0,4567.0,4667.3866,4203278095.2381,-0.8334,4.0314,-1.1789,2.0271,-5.9972,-0.4769
2021-12,70.6,4602.8198,4808.9302,4495.1201,4766.1802,4674.7728,4215917272.7273,4.3613,6.9811,-0.9498,2.1572,4.7478,-0.5521
2022-01,67.2,4778.1401,4818.6201,4222.6201,4515.5498,4573.8155,4778144500.0,-5.2585,14.1145,-1.1933,1.9935,-4.8159,-0.6371
2022-02,62.8,4519.5698,4595.3101,4114.6499,4373.9399,4435.9805,4877247894.7368,-3.136,11.6817,-1.5083,1.901,-6.5476,-0.6957
2022-03,59.4,4363.1401,4637.2998,4157.8701,4530.4102,4391.2653,5371576521.7391,3.5773,11.5307,-1.7518,2.0032,-5.414,-0.6425
2022-04,65.2,4540.3198,4593.4502,4124.2798,4131.9302,4391.296,4518392000.0,-8.7957,11.3758,-1.3365,1.7429,9.7643,-0.3131
2022-05,58.4,4130.6099,4307.6602,3810.3201,4132.1499,4040.36,5183828095.2381,0.0053,13.0524,-1.8234,1.743,-10.4294,0.0806
2022-06,50.0,4149.7798,4177.5098,3636.8701,3785.3799,3898.9467,5053176666.6667,-8.392,14.8655,-2.4249,1.5165,-14.3836,0.6102
2022-07,51.5,3781.0,4140.1499,3721.5601,4130.29,3911.7295,4084416000.0,9.1116,11.2477,-2.3175,1.7418,3.0,0.7485
2022-08,58.2,4112.3799,4325.2798,3954.53,3955.0,4158.5631,4010971739.1304,-4.244,9.3753,-1.8377,1.6273,13.0097,0.744
2022-09,58.6,3936.73,4119.2798,3584.1299,3585.6201,3850.5205,4487667619.0476,-9.3396,14.9311,-1.8091,1.386,0.6873,0.7427
2022-10,59.9,3609.78,3905.4199,3491.5801,3871.98,3726.051,4563036190.4762,7.9863,11.8525,-1.716,1.5731,2.2184,0.695
2022-11,56.7,3901.79,4080.1101,3698.1499,4080.1101,3917.4886,4412948095.2381,5.3753,10.3284,-1.9451,1.709,-5.3422,0.6584
2022-12,59.8,4087.1399,4100.96,3764.49,3839.5,3912.381,4059491904.7619,-5.8971,8.938,-1.7232,1.5519,5.4674,0.4667
2023-01,64.9,3853.29,4094.21,3794.3301,4076.6001,3960.6565,4038190500.0,6.1753,7.9034,-1.358,1.7068,8.5284,0.2815
2023-02,66.9,4070.0701,4195.4399,3943.0801,3970.1499,4079.6847,4231172631.5789,-2.6112,6.4001,-1.2148,1.6372,3.0817,0.1442
2023-03,62.0,3963.3401,4110.75,3808.8601,4109.3101,3968.5591,4917165217.3913,3.5052,7.926,-1.5656,1.7281,-7.3244,0.2179
2023-04,63.7,4102.2002,4170.0601,4049.3501,4169.48,4121.4674,3729540000.0,1.4642,2.981,-1.4439,1.7674,2.7419,0.2122
2023-05,59.0,4166.79,4231.1001,4048.28,4179.8301,4146.1732,3872274545.4545,0.2482,4.516,-1.7804,1.7742,-7.3783,0.2156
2023-06,64.2,4183.0298,4458.48,4171.6401,4450.3799,4345.3728,4189673333.3333,6.4727,6.8759,-1.4081,1.9509,8.8136,0.1888
2023-07,71.5,4450.48,4607.0698,4385.0498,4588.96,4508.0755,3753160000.0,3.1139,5.0631,-0.8854,2.0414,11.3707,0.6401
2023-08,69.4,4578.8301,4584.6201,4335.3101,4507.6602,4457.3587,3775687826.087,-1.7716,5.7507,-1.0357,1.9883,-2.9371,0.6999
2023-09,67.8,4530.6001,4541.25,4238.6299,4288.0498,4409.095,3674149000.0,-4.8719,7.1396,-1.1503,1.8449,-2.3055,0.6794
2023-10,63.8,4284.52,4393.5698,4103.7798,4193.7998,4269.4009,3796339090.9091,-2.198,7.0615,-1.4367,1.7833,-5.8997,0.6469
2023-11,61.3,4201.27,4587.6401,4197.7402,4567.7998,4460.0633,3855741428.5714,8.9179,9.2883,-1.6157,2.0276,-3.9185,0.468
2023-12,69.7,4559.4302,4793.2998,4546.5,4769.8301,4685.0515,4076533500.0,4.4229,5.4283,-1.0143,2.1596,13.7031,0.4628
2024-01,79.0,4745.2002,4931.0898,4682.1099,4845.6499,4804.4915,3892280000.0,1.5896,5.3177,-0.3483,2.2091,13.3429,0.6583
2024-02,76.9,4861.1099,5111.0601,4853.52,5096.27,5011.9614,4103346500.0,5.1721,5.3063,-0.4987,2.3728,-2.6582,0.8217
2024-03,79.4,5098.5098,5264.8501,5056.8198,5254.3501,5170.5725,4314975500.0,3.1019,4.1139,-0.3197,2.4761,3.251,0.8562
2024-04,77.2,5257.9702,5263.9502,4953.5601,5035.6899,5112.4927,3715780454.5455,-4.1615,6.266,-0.4772,2.3333,-2.7708,0.8671
2024-05,69.1,5029.0298,5341.8799,5011.0498,5277.5098,5235.2255,3947714545.4545,4.8021,6.602,-1.0572,2.4912,-10.4922,0.6997
2024-06,68.2,5297.1499,5523.6401,5234.3198,5460.48,5415.1405,4001348421.0526,3.467,5.5274,-1.1217,2.6108,-1.3025,0.5038
2024-07,66.4,5471.0801,5669.6699,5390.9502,5522.2998,5538.0046,3643654090.9091,1.1321,5.1701,-1.2506,2.6511,-2.6393,0.3541
2024-08,67.9,5537.8398,5651.6201,5119.2598,5648.3999,5478.2146,3686240909.0909,2.2835,10.3992,-1.1431,2.7335,2.259,0.253
2024-09,70.1,5623.8901,5767.3701,5402.6201,5762.48,5621.2604,3978241500.0,2.0197,6.7514,-0.9856,2.808,3.2401,0.1765
2024-10,70.5,5757.73,5878.46,5674.0,5705.4502,5792.3195,3583149130.4348,-0.9897,3.6035,-0.957,2.7708,0.5706,-0.0828
2024-11,71.8,5723.2202,6044.1699,5696.5098,6032.3799,5929.916,4205099000.0,5.7301,6.103,-0.8639,2.9844,1.844,-0.4883
2024-12,74.0,6040.1099,6099.9702,5832.2998,5881.6299,6010.9086,4098328571.4286,-2.499,4.5894,-0.7063,2.8859,3.0641,-0.5764
2025-01,71.7,5903.2598,6128.1802,5773.3101,6040.5298,5979.5155,4431969000.0,2.7016,6.1467,-0.871,2.9897,-3.1081,-0.4112
2025-02,64.7,5969.6499,6147.4302,5837.6602,5954.5,6038.69,4858789473.6842,-1.4242,5.3064,-1.3723,2.9335,-9.7629,-0.3944
2025-03,57.0,5968.3301,5986.0898,5488.73,5611.8501,5683.9834,5304155714.2857,-5.7545,9.0615,-1.9237,2.7096,-11.9011,-0.1149
2025-04,52.2,5597.5298,5695.3101,4835.04,5569.0601,5369.4957,5663637142.8571,-0.7625,17.7924,-2.2674,2.6817,-8.4211,0.3476
2025-05,52.2,5625.1401,5968.6099,5578.6401,5911.6899,5810.9195,5016488571.4286,6.1524,6.9904,-2.2674,2.9055,0.0,0.27
2025-06,60.7,5896.6802,6215.0801,5861.4302,6204.9502,6029.9515,5322815000.0,4.9607,6.0335,-1.6587,3.0971,16.2835,0.1999
2025-07,61.7,6187.25,6427.02,6177.9702,6339.3901,6296.4982,5182040454.5455,2.1667,4.0313,-1.5871,3.1849,1.6474,0.1333
2025-08,58.2,6287.2798,6508.23,6212.6899,6460.2598,6408.9495,4731049047.619,1.9066,4.757,-1.8377,3.2639,-5.6726,0.0235
2025-09,55.1,6401.5098,6699.52,6360.5801,6688.46,6584.0181,5432124285.7143,3.5324,5.3288,-2.0597,3.4129,-5.3265,-0.1132
2025-10,53.6,6664.9199,6920.3398,6550.7798,6840.2002,6735.6917,5637463478.2609,2.2687,5.6415,-2.1671,3.5121,-2.7223,-0.1844
2025-11,51.0,6882.3198,6882.3198,6521.9199,6849.0898,6740.8858,5309482631.5789,0.13,5.526,-2.3533,3.5179,-4.8507,-0.3004
2025-12,52.9,6812.2998,6945.77,6720.4302,6845.5,6853.0255,4542222272.7273,-0.0524,3.3531,-2.2172,3.5155,3.7255,-0.2821
2026-01,56.4,6878.1099,7002.2798,6789.0498,6939.0298,6929.122,5422830000.0,1.3663,3.1408,-1.9666,3.5766,6.6163,-0.2249
2026-02,56.6,6916.6401,6993.48,6775.5,6878.8799,6893.8063,5983450526.3158,-0.8668,3.2172,-1.9523,3.5373,0.3546,-0.0643
2026-03,53.3,6824.3599,6901.0098,6316.9102,6528.52,6654.4191,5868390909.0909,-5.0933,9.2466,-2.1886,3.3085,-5.8304,-0.0034
2026-04,49.8,6556.5601,7219.8301,6474.9399,7209.0098,6957.0076,5031173809.5238,10.4233,11.5042,-2.4392,3.753,-6.5666,-0.4401
2026-05,44.8,7234.54,7599.3799,7174.1201,7580.0601,7412.5515,5627789000.0,5.147,5.9277,-2.7973,3.9954,-10.0402,-0.883
